sector,model,country,pMSE,k,N,c,pMSE.stdev,pMSE.exp,pMSE.standardized,pMSE.ratio
Manufacturing,logit,Canada,0.0041,320,2243011,0.5,1.4076314093327105e-6,1.7777442910444932e-5,2900.0649815172414,230.629344200627
Private,logit,Canada,0.0121,320,34638723,0.5,9.115037916030485e-8,1.1511683037506897e-6,132735.0356976374,10511.060772413792
Manufacturing,probit,Canada,0.0041,320,2243011,0.5,1.4076314093327105e-6,1.7777442910444932e-5,2900.0649815172414,230.629344200627
Private,probit,Canada,0.0124,320,34638723,0.5,9.115037916030485e-8,1.1511683037506897e-6,136026.30011983356,10771.665584952978
Universe,logit,Germany,0.0013,40,2121956,0.5234779,4.947381179223533e-7,2.184704374473666e-6,2623.236917898475,595.0461834513391
Universe,probit,Germany,0.0013,40,2121956,0.5234779,4.947381179223533e-7,2.184704374473666e-6,2623.236917898475,595.0461834513391
