sector,model,country,pMSE,k,N,c,pMSE.stdev,pMSE.exp,pMSE.standardized,pMSE.ratio
Manufacturing,logit,Canada,0.0041,9,2243011,0.5,2.2291464464507754e-7,4.458292892901551e-7,18390.6902,9196.3451
Private,logit,Canada,0.0121,9,34638723,0.5,1.4434712272735921e-8,2.8869424545471842e-8,838255.0965999999,419128.54829999997
Manufacturing,probit,Canada,0.0041,9,2243011,0.5,2.2291464464507754e-7,4.458292892901551e-7,18390.6902,9196.3451
Private,probit,Canada,0.0124,9,34638723,0.5,1.4434712272735921e-8,2.8869424545471842e-8,859038.3304,429520.1652
Universe,logit,Germany,0.0013,40,2121956,0.5234779,4.947381179223533e-7,2.184704374473666e-6,2623.236917898475,595.0461834513391
Universe,probit,Germany,0.0013,40,2121956,0.5234779,4.947381179223533e-7,2.184704374473666e-6,2623.236917898475,595.0461834513391
